{
    "lr": 8.100743548176945e-05,
    "batch_size": 128,
    "epochs_num": 90,
    "hidden_dim": 64,
    "num_layers": 5,
    "dropout_rate": 0.20576441215613012,
    "weight_decay": 0.0002174006399507722,
    "physics_loss_weight": 0.016962129655748354,
    "head_num": 16,
    "scheduler_factor": 0.21422744862447157,
    "scheduler_patience": 7,
    "early_stopping_patience": 16,
    "grad_clip_norm": 2.858088788127887,
    "warmup_epochs": 1,
    "alpha_physics": 0.8876216817063469,
    "agg_num_layers": 4,
    "deep_feature_num_layers": 11,
    "best_f1_score": 0.9939288811795317
}
